<?xml version="1.0" encoding="UTF-8"?>
<spirit:component xmlns:xilinx="http://www.xilinx.com" xmlns:spirit="http://www.spiritconsortium.org/XMLSchema/SPIRIT/1685-2009" xmlns:xsi="http://www.w3.org/2001/XMLSchema-instance">
  <spirit:vendor>Tino</spirit:vendor>
  <spirit:library>customized_ip</spirit:library>
  <spirit:name>top_oled_core_0_0</spirit:name>
  <spirit:version>1.0</spirit:version>
  <spirit:busInterfaces>
    <spirit:busInterface>
      <spirit:name>rst</spirit:name>
      <spirit:busType spirit:vendor="xilinx.com" spirit:library="signal" spirit:name="reset" spirit:version="1.0"/>
      <spirit:abstractionType spirit:vendor="xilinx.com" spirit:library="signal" spirit:name="reset_rtl" spirit:version="1.0"/>
      <spirit:slave/>
      <spirit:portMaps>
        <spirit:portMap>
          <spirit:logicalPort>
            <spirit:name>RST</spirit:name>
          </spirit:logicalPort>
          <spirit:physicalPort>
            <spirit:name>rst</spirit:name>
          </spirit:physicalPort>
        </spirit:portMap>
      </spirit:portMaps>
      <spirit:parameters>
        <spirit:parameter>
          <spirit:name>POLARITY</spirit:name>
          <spirit:value spirit:resolve="generated" spirit:id="BUSIFPARAM_VALUE.RST.POLARITY">ACTIVE_LOW</spirit:value>
          <spirit:vendorExtensions>
            <xilinx:parameterInfo>
              <xilinx:parameterUsage>none</xilinx:parameterUsage>
            </xilinx:parameterInfo>
          </spirit:vendorExtensions>
        </spirit:parameter>
        <spirit:parameter>
          <spirit:name>INSERT_VIP</spirit:name>
          <spirit:value spirit:format="long" spirit:resolve="user" spirit:id="BUSIFPARAM_VALUE.RST.INSERT_VIP">0</spirit:value>
          <spirit:vendorExtensions>
            <xilinx:parameterInfo>
              <xilinx:parameterUsage>simulation.rtl</xilinx:parameterUsage>
            </xilinx:parameterInfo>
          </spirit:vendorExtensions>
        </spirit:parameter>
      </spirit:parameters>
    </spirit:busInterface>
    <spirit:busInterface>
      <spirit:name>clk</spirit:name>
      <spirit:busType spirit:vendor="xilinx.com" spirit:library="signal" spirit:name="clock" spirit:version="1.0"/>
      <spirit:abstractionType spirit:vendor="xilinx.com" spirit:library="signal" spirit:name="clock_rtl" spirit:version="1.0"/>
      <spirit:slave/>
      <spirit:portMaps>
        <spirit:portMap>
          <spirit:logicalPort>
            <spirit:name>CLK</spirit:name>
          </spirit:logicalPort>
          <spirit:physicalPort>
            <spirit:name>clk</spirit:name>
          </spirit:physicalPort>
        </spirit:portMap>
      </spirit:portMaps>
      <spirit:parameters>
        <spirit:parameter>
          <spirit:name>FREQ_HZ</spirit:name>
          <spirit:value spirit:format="long" spirit:resolve="generated" spirit:id="BUSIFPARAM_VALUE.CLK.FREQ_HZ">100000000</spirit:value>
          <spirit:vendorExtensions>
            <xilinx:parameterInfo>
              <xilinx:parameterUsage>none</xilinx:parameterUsage>
            </xilinx:parameterInfo>
          </spirit:vendorExtensions>
        </spirit:parameter>
        <spirit:parameter>
          <spirit:name>FREQ_TOLERANCE_HZ</spirit:name>
          <spirit:value spirit:format="long" spirit:resolve="generated" spirit:id="BUSIFPARAM_VALUE.CLK.FREQ_TOLERANCE_HZ">0</spirit:value>
          <spirit:vendorExtensions>
            <xilinx:parameterInfo>
              <xilinx:parameterUsage>none</xilinx:parameterUsage>
            </xilinx:parameterInfo>
          </spirit:vendorExtensions>
        </spirit:parameter>
        <spirit:parameter>
          <spirit:name>PHASE</spirit:name>
          <spirit:value spirit:format="float" spirit:resolve="generated" spirit:id="BUSIFPARAM_VALUE.CLK.PHASE">0.000</spirit:value>
          <spirit:vendorExtensions>
            <xilinx:parameterInfo>
              <xilinx:parameterUsage>none</xilinx:parameterUsage>
            </xilinx:parameterInfo>
          </spirit:vendorExtensions>
        </spirit:parameter>
        <spirit:parameter>
          <spirit:name>CLK_DOMAIN</spirit:name>
          <spirit:value spirit:resolve="generated" spirit:id="BUSIFPARAM_VALUE.CLK.CLK_DOMAIN">top_processing_system7_0_2_FCLK_CLK0</spirit:value>
          <spirit:vendorExtensions>
            <xilinx:parameterInfo>
              <xilinx:parameterUsage>none</xilinx:parameterUsage>
            </xilinx:parameterInfo>
          </spirit:vendorExtensions>
        </spirit:parameter>
        <spirit:parameter>
          <spirit:name>ASSOCIATED_BUSIF</spirit:name>
          <spirit:value spirit:resolve="generated" spirit:id="BUSIFPARAM_VALUE.CLK.ASSOCIATED_BUSIF"/>
          <spirit:vendorExtensions>
            <xilinx:parameterInfo>
              <xilinx:parameterUsage>none</xilinx:parameterUsage>
            </xilinx:parameterInfo>
          </spirit:vendorExtensions>
        </spirit:parameter>
        <spirit:parameter>
          <spirit:name>ASSOCIATED_RESET</spirit:name>
          <spirit:value spirit:resolve="generated" spirit:id="BUSIFPARAM_VALUE.CLK.ASSOCIATED_RESET"/>
          <spirit:vendorExtensions>
            <xilinx:parameterInfo>
              <xilinx:parameterUsage>none</xilinx:parameterUsage>
            </xilinx:parameterInfo>
          </spirit:vendorExtensions>
        </spirit:parameter>
        <spirit:parameter>
          <spirit:name>INSERT_VIP</spirit:name>
          <spirit:value spirit:format="long" spirit:resolve="user" spirit:id="BUSIFPARAM_VALUE.CLK.INSERT_VIP">0</spirit:value>
          <spirit:vendorExtensions>
            <xilinx:parameterInfo>
              <xilinx:parameterUsage>simulation.rtl</xilinx:parameterUsage>
            </xilinx:parameterInfo>
          </spirit:vendorExtensions>
        </spirit:parameter>
      </spirit:parameters>
    </spirit:busInterface>
    <spirit:busInterface>
      <spirit:name>oled_spi_clk</spirit:name>
      <spirit:busType spirit:vendor="xilinx.com" spirit:library="signal" spirit:name="clock" spirit:version="1.0"/>
      <spirit:abstractionType spirit:vendor="xilinx.com" spirit:library="signal" spirit:name="clock_rtl" spirit:version="1.0"/>
      <spirit:master/>
      <spirit:portMaps>
        <spirit:portMap>
          <spirit:logicalPort>
            <spirit:name>CLK</spirit:name>
          </spirit:logicalPort>
          <spirit:physicalPort>
            <spirit:name>oled_spi_clk</spirit:name>
          </spirit:physicalPort>
        </spirit:portMap>
      </spirit:portMaps>
      <spirit:parameters>
        <spirit:parameter>
          <spirit:name>FREQ_HZ</spirit:name>
          <spirit:value spirit:format="long" spirit:resolve="generated" spirit:id="BUSIFPARAM_VALUE.OLED_SPI_CLK.FREQ_HZ">100000000</spirit:value>
          <spirit:vendorExtensions>
            <xilinx:parameterInfo>
              <xilinx:parameterUsage>none</xilinx:parameterUsage>
            </xilinx:parameterInfo>
          </spirit:vendorExtensions>
        </spirit:parameter>
        <spirit:parameter>
          <spirit:name>FREQ_TOLERANCE_HZ</spirit:name>
          <spirit:value spirit:format="long" spirit:resolve="generated" spirit:id="BUSIFPARAM_VALUE.OLED_SPI_CLK.FREQ_TOLERANCE_HZ">0</spirit:value>
          <spirit:vendorExtensions>
            <xilinx:parameterInfo>
              <xilinx:parameterUsage>none</xilinx:parameterUsage>
            </xilinx:parameterInfo>
          </spirit:vendorExtensions>
        </spirit:parameter>
        <spirit:parameter>
          <spirit:name>PHASE</spirit:name>
          <spirit:value spirit:format="float" spirit:resolve="generated" spirit:id="BUSIFPARAM_VALUE.OLED_SPI_CLK.PHASE">0.000</spirit:value>
          <spirit:vendorExtensions>
            <xilinx:parameterInfo>
              <xilinx:parameterUsage>none</xilinx:parameterUsage>
            </xilinx:parameterInfo>
          </spirit:vendorExtensions>
        </spirit:parameter>
        <spirit:parameter>
          <spirit:name>CLK_DOMAIN</spirit:name>
          <spirit:value spirit:resolve="generated" spirit:id="BUSIFPARAM_VALUE.OLED_SPI_CLK.CLK_DOMAIN">top_oled_core_0_0_oled_spi_clk</spirit:value>
          <spirit:vendorExtensions>
            <xilinx:parameterInfo>
              <xilinx:parameterUsage>none</xilinx:parameterUsage>
            </xilinx:parameterInfo>
          </spirit:vendorExtensions>
        </spirit:parameter>
        <spirit:parameter>
          <spirit:name>ASSOCIATED_BUSIF</spirit:name>
          <spirit:value spirit:resolve="generated" spirit:id="BUSIFPARAM_VALUE.OLED_SPI_CLK.ASSOCIATED_BUSIF"/>
          <spirit:vendorExtensions>
            <xilinx:parameterInfo>
              <xilinx:parameterUsage>none</xilinx:parameterUsage>
            </xilinx:parameterInfo>
          </spirit:vendorExtensions>
        </spirit:parameter>
        <spirit:parameter>
          <spirit:name>ASSOCIATED_RESET</spirit:name>
          <spirit:value spirit:resolve="generated" spirit:id="BUSIFPARAM_VALUE.OLED_SPI_CLK.ASSOCIATED_RESET"/>
          <spirit:vendorExtensions>
            <xilinx:parameterInfo>
              <xilinx:parameterUsage>none</xilinx:parameterUsage>
            </xilinx:parameterInfo>
          </spirit:vendorExtensions>
        </spirit:parameter>
        <spirit:parameter>
          <spirit:name>INSERT_VIP</spirit:name>
          <spirit:value spirit:format="long" spirit:resolve="user" spirit:id="BUSIFPARAM_VALUE.OLED_SPI_CLK.INSERT_VIP">0</spirit:value>
          <spirit:vendorExtensions>
            <xilinx:parameterInfo>
              <xilinx:parameterUsage>simulation.rtl</xilinx:parameterUsage>
            </xilinx:parameterInfo>
          </spirit:vendorExtensions>
        </spirit:parameter>
      </spirit:parameters>
    </spirit:busInterface>
  </spirit:busInterfaces>
  <spirit:model>
    <spirit:views>
      <spirit:view>
        <spirit:name>xilinx_anylanguagesynthesis</spirit:name>
        <spirit:displayName>Synthesis</spirit:displayName>
        <spirit:envIdentifier>:vivado.xilinx.com:synthesis</spirit:envIdentifier>
        <spirit:modelName>top</spirit:modelName>
        <spirit:fileSetRef>
          <spirit:localName>xilinx_anylanguagesynthesis_view_fileset</spirit:localName>
        </spirit:fileSetRef>
        <spirit:parameters>
          <spirit:parameter>
            <spirit:name>GENtimestamp</spirit:name>
            <spirit:value>Fri Apr 15 02:51:57 UTC 2022</spirit:value>
          </spirit:parameter>
          <spirit:parameter>
            <spirit:name>outputProductCRC</spirit:name>
            <spirit:value>9:3769529b</spirit:value>
          </spirit:parameter>
        </spirit:parameters>
      </spirit:view>
      <spirit:view>
        <spirit:name>xilinx_synthesisconstraints</spirit:name>
        <spirit:displayName>Synthesis Constraints</spirit:displayName>
        <spirit:envIdentifier>:vivado.xilinx.com:synthesis.constraints</spirit:envIdentifier>
        <spirit:parameters>
          <spirit:parameter>
            <spirit:name>outputProductCRC</spirit:name>
            <spirit:value>9:3769529b</spirit:value>
          </spirit:parameter>
        </spirit:parameters>
      </spirit:view>
      <spirit:view>
        <spirit:name>xilinx_vhdlsynthesiswrapper</spirit:name>
        <spirit:displayName>VHDL Synthesis Wrapper</spirit:displayName>
        <spirit:envIdentifier>vhdlSource:vivado.xilinx.com:synthesis.wrapper</spirit:envIdentifier>
        <spirit:language>vhdl</spirit:language>
        <spirit:modelName>top_oled_core_0_0</spirit:modelName>
        <spirit:fileSetRef>
          <spirit:localName>xilinx_vhdlsynthesiswrapper_view_fileset</spirit:localName>
        </spirit:fileSetRef>
        <spirit:parameters>
          <spirit:parameter>
            <spirit:name>GENtimestamp</spirit:name>
            <spirit:value>Fri Apr 15 02:51:57 UTC 2022</spirit:value>
          </spirit:parameter>
          <spirit:parameter>
            <spirit:name>outputProductCRC</spirit:name>
            <spirit:value>9:3769529b</spirit:value>
          </spirit:parameter>
        </spirit:parameters>
      </spirit:view>
      <spirit:view>
        <spirit:name>xilinx_anylanguagebehavioralsimulation</spirit:name>
        <spirit:displayName>Simulation</spirit:displayName>
        <spirit:envIdentifier>:vivado.xilinx.com:simulation</spirit:envIdentifier>
        <spirit:modelName>top</spirit:modelName>
        <spirit:fileSetRef>
          <spirit:localName>xilinx_anylanguagebehavioralsimulation_view_fileset</spirit:localName>
        </spirit:fileSetRef>
        <spirit:parameters>
          <spirit:parameter>
            <spirit:name>GENtimestamp</spirit:name>
            <spirit:value>Fri Apr 15 02:51:57 UTC 2022</spirit:value>
          </spirit:parameter>
          <spirit:parameter>
            <spirit:name>outputProductCRC</spirit:name>
            <spirit:value>9:97c86bb9</spirit:value>
          </spirit:parameter>
        </spirit:parameters>
      </spirit:view>
      <spirit:view>
        <spirit:name>xilinx_vhdlsimulationwrapper</spirit:name>
        <spirit:displayName>VHDL Simulation Wrapper</spirit:displayName>
        <spirit:envIdentifier>vhdlSource:vivado.xilinx.com:simulation.wrapper</spirit:envIdentifier>
        <spirit:language>vhdl</spirit:language>
        <spirit:modelName>top_oled_core_0_0</spirit:modelName>
        <spirit:fileSetRef>
          <spirit:localName>xilinx_vhdlsimulationwrapper_view_fileset</spirit:localName>
        </spirit:fileSetRef>
        <spirit:parameters>
          <spirit:parameter>
            <spirit:name>GENtimestamp</spirit:name>
            <spirit:value>Fri Apr 15 02:51:57 UTC 2022</spirit:value>
          </spirit:parameter>
          <spirit:parameter>
            <spirit:name>outputProductCRC</spirit:name>
            <spirit:value>9:97c86bb9</spirit:value>
          </spirit:parameter>
        </spirit:parameters>
      </spirit:view>
      <spirit:view>
        <spirit:name>xilinx_externalfiles</spirit:name>
        <spirit:displayName>External Files</spirit:displayName>
        <spirit:envIdentifier>:vivado.xilinx.com:external.files</spirit:envIdentifier>
        <spirit:fileSetRef>
          <spirit:localName>xilinx_externalfiles_view_fileset</spirit:localName>
        </spirit:fileSetRef>
        <spirit:parameters>
          <spirit:parameter>
            <spirit:name>GENtimestamp</spirit:name>
            <spirit:value>Fri Apr 15 02:54:26 UTC 2022</spirit:value>
          </spirit:parameter>
          <spirit:parameter>
            <spirit:name>outputProductCRC</spirit:name>
            <spirit:value>9:3769529b</spirit:value>
          </spirit:parameter>
        </spirit:parameters>
      </spirit:view>
    </spirit:views>
    <spirit:ports>
      <spirit:port>
        <spirit:name>clk</spirit:name>
        <spirit:wire>
          <spirit:direction>in</spirit:direction>
          <spirit:wireTypeDefs>
            <spirit:wireTypeDef>
              <spirit:typeName>std_logic</spirit:typeName>
              <spirit:viewNameRef>xilinx_anylanguagesynthesis</spirit:viewNameRef>
              <spirit:viewNameRef>xilinx_anylanguagebehavioralsimulation</spirit:viewNameRef>
            </spirit:wireTypeDef>
          </spirit:wireTypeDefs>
        </spirit:wire>
      </spirit:port>
      <spirit:port>
        <spirit:name>rst</spirit:name>
        <spirit:wire>
          <spirit:direction>in</spirit:direction>
          <spirit:wireTypeDefs>
            <spirit:wireTypeDef>
              <spirit:typeName>std_logic</spirit:typeName>
              <spirit:viewNameRef>xilinx_anylanguagesynthesis</spirit:viewNameRef>
              <spirit:viewNameRef>xilinx_anylanguagebehavioralsimulation</spirit:viewNameRef>
            </spirit:wireTypeDef>
          </spirit:wireTypeDefs>
        </spirit:wire>
      </spirit:port>
      <spirit:port>
        <spirit:name>switches</spirit:name>
        <spirit:wire>
          <spirit:direction>in</spirit:direction>
          <spirit:vector>
            <spirit:left spirit:format="long">2</spirit:left>
            <spirit:right spirit:format="long">0</spirit:right>
          </spirit:vector>
          <spirit:wireTypeDefs>
            <spirit:wireTypeDef>
              <spirit:typeName>std_logic_vector</spirit:typeName>
              <spirit:viewNameRef>xilinx_anylanguagesynthesis</spirit:viewNameRef>
              <spirit:viewNameRef>xilinx_anylanguagebehavioralsimulation</spirit:viewNameRef>
            </spirit:wireTypeDef>
          </spirit:wireTypeDefs>
        </spirit:wire>
      </spirit:port>
      <spirit:port>
        <spirit:name>oled_spi_clk</spirit:name>
        <spirit:wire>
          <spirit:direction>out</spirit:direction>
          <spirit:wireTypeDefs>
            <spirit:wireTypeDef>
              <spirit:typeName>std_logic</spirit:typeName>
              <spirit:viewNameRef>xilinx_anylanguagesynthesis</spirit:viewNameRef>
              <spirit:viewNameRef>xilinx_anylanguagebehavioralsimulation</spirit:viewNameRef>
            </spirit:wireTypeDef>
          </spirit:wireTypeDefs>
        </spirit:wire>
      </spirit:port>
      <spirit:port>
        <spirit:name>oled_spi_data</spirit:name>
        <spirit:wire>
          <spirit:direction>out</spirit:direction>
          <spirit:wireTypeDefs>
            <spirit:wireTypeDef>
              <spirit:typeName>std_logic</spirit:typeName>
              <spirit:viewNameRef>xilinx_anylanguagesynthesis</spirit:viewNameRef>
              <spirit:viewNameRef>xilinx_anylanguagebehavioralsimulation</spirit:viewNameRef>
            </spirit:wireTypeDef>
          </spirit:wireTypeDefs>
        </spirit:wire>
      </spirit:port>
      <spirit:port>
        <spirit:name>oled_vdd</spirit:name>
        <spirit:wire>
          <spirit:direction>out</spirit:direction>
          <spirit:wireTypeDefs>
            <spirit:wireTypeDef>
              <spirit:typeName>std_logic</spirit:typeName>
              <spirit:viewNameRef>xilinx_anylanguagesynthesis</spirit:viewNameRef>
              <spirit:viewNameRef>xilinx_anylanguagebehavioralsimulation</spirit:viewNameRef>
            </spirit:wireTypeDef>
          </spirit:wireTypeDefs>
        </spirit:wire>
      </spirit:port>
      <spirit:port>
        <spirit:name>oled_vbat</spirit:name>
        <spirit:wire>
          <spirit:direction>out</spirit:direction>
          <spirit:wireTypeDefs>
            <spirit:wireTypeDef>
              <spirit:typeName>std_logic</spirit:typeName>
              <spirit:viewNameRef>xilinx_anylanguagesynthesis</spirit:viewNameRef>
              <spirit:viewNameRef>xilinx_anylanguagebehavioralsimulation</spirit:viewNameRef>
            </spirit:wireTypeDef>
          </spirit:wireTypeDefs>
        </spirit:wire>
      </spirit:port>
      <spirit:port>
        <spirit:name>oled_reset_n</spirit:name>
        <spirit:wire>
          <spirit:direction>out</spirit:direction>
          <spirit:wireTypeDefs>
            <spirit:wireTypeDef>
              <spirit:typeName>std_logic</spirit:typeName>
              <spirit:viewNameRef>xilinx_anylanguagesynthesis</spirit:viewNameRef>
              <spirit:viewNameRef>xilinx_anylanguagebehavioralsimulation</spirit:viewNameRef>
            </spirit:wireTypeDef>
          </spirit:wireTypeDefs>
        </spirit:wire>
      </spirit:port>
      <spirit:port>
        <spirit:name>oled_dc_n</spirit:name>
        <spirit:wire>
          <spirit:direction>out</spirit:direction>
          <spirit:wireTypeDefs>
            <spirit:wireTypeDef>
              <spirit:typeName>std_logic</spirit:typeName>
              <spirit:viewNameRef>xilinx_anylanguagesynthesis</spirit:viewNameRef>
              <spirit:viewNameRef>xilinx_anylanguagebehavioralsimulation</spirit:viewNameRef>
            </spirit:wireTypeDef>
          </spirit:wireTypeDefs>
        </spirit:wire>
      </spirit:port>
    </spirit:ports>
  </spirit:model>
  <spirit:fileSets>
    <spirit:fileSet>
      <spirit:name>xilinx_anylanguagesynthesis_view_fileset</spirit:name>
      <spirit:file>
        <spirit:name>../../ipshared/9516/src/charROM.v</spirit:name>
        <spirit:fileType>verilogSource</spirit:fileType>
      </spirit:file>
      <spirit:file>
        <spirit:name>../../ipshared/9516/src/delayGen.v</spirit:name>
        <spirit:fileType>verilogSource</spirit:fileType>
      </spirit:file>
      <spirit:file>
        <spirit:name>../../ipshared/9516/src/oledControl.v</spirit:name>
        <spirit:fileType>verilogSource</spirit:fileType>
      </spirit:file>
      <spirit:file>
        <spirit:name>../../ipshared/9516/src/spiControl.v</spirit:name>
        <spirit:fileType>verilogSource</spirit:fileType>
      </spirit:file>
      <spirit:file>
        <spirit:name>../../ipshared/9516/src/top.vhd</spirit:name>
        <spirit:fileType>vhdlSource</spirit:fileType>
      </spirit:file>
    </spirit:fileSet>
    <spirit:fileSet>
      <spirit:name>xilinx_vhdlsynthesiswrapper_view_fileset</spirit:name>
      <spirit:file>
        <spirit:name>synth/top_oled_core_0_0.vhd</spirit:name>
        <spirit:fileType>vhdlSource</spirit:fileType>
        <spirit:logicalName>xil_defaultlib</spirit:logicalName>
      </spirit:file>
    </spirit:fileSet>
    <spirit:fileSet>
      <spirit:name>xilinx_anylanguagebehavioralsimulation_view_fileset</spirit:name>
      <spirit:file>
        <spirit:name>../../ipshared/9516/src/charROM.v</spirit:name>
        <spirit:fileType>verilogSource</spirit:fileType>
      </spirit:file>
      <spirit:file>
        <spirit:name>../../ipshared/9516/src/delayGen.v</spirit:name>
        <spirit:fileType>verilogSource</spirit:fileType>
      </spirit:file>
      <spirit:file>
        <spirit:name>../../ipshared/9516/src/oledControl.v</spirit:name>
        <spirit:fileType>verilogSource</spirit:fileType>
      </spirit:file>
      <spirit:file>
        <spirit:name>../../ipshared/9516/src/spiControl.v</spirit:name>
        <spirit:fileType>verilogSource</spirit:fileType>
      </spirit:file>
      <spirit:file>
        <spirit:name>../../ipshared/9516/src/top.vhd</spirit:name>
        <spirit:fileType>vhdlSource</spirit:fileType>
      </spirit:file>
    </spirit:fileSet>
    <spirit:fileSet>
      <spirit:name>xilinx_vhdlsimulationwrapper_view_fileset</spirit:name>
      <spirit:file>
        <spirit:name>sim/top_oled_core_0_0.vhd</spirit:name>
        <spirit:fileType>vhdlSource</spirit:fileType>
        <spirit:logicalName>xil_defaultlib</spirit:logicalName>
      </spirit:file>
    </spirit:fileSet>
    <spirit:fileSet>
      <spirit:name>xilinx_externalfiles_view_fileset</spirit:name>
      <spirit:file>
        <spirit:name>top_oled_core_0_0.dcp</spirit:name>
        <spirit:userFileType>dcp</spirit:userFileType>
        <spirit:userFileType>USED_IN_implementation</spirit:userFileType>
        <spirit:userFileType>USED_IN_synthesis</spirit:userFileType>
        <spirit:logicalName>xil_defaultlib</spirit:logicalName>
      </spirit:file>
      <spirit:file>
        <spirit:name>top_oled_core_0_0_stub.v</spirit:name>
        <spirit:fileType>verilogSource</spirit:fileType>
        <spirit:userFileType>USED_IN_synth_blackbox_stub</spirit:userFileType>
        <spirit:logicalName>xil_defaultlib</spirit:logicalName>
      </spirit:file>
      <spirit:file>
        <spirit:name>top_oled_core_0_0_stub.vhdl</spirit:name>
        <spirit:fileType>vhdlSource</spirit:fileType>
        <spirit:userFileType>USED_IN_synth_blackbox_stub</spirit:userFileType>
        <spirit:logicalName>xil_defaultlib</spirit:logicalName>
      </spirit:file>
      <spirit:file>
        <spirit:name>top_oled_core_0_0_sim_netlist.v</spirit:name>
        <spirit:fileType>verilogSource</spirit:fileType>
        <spirit:userFileType>USED_IN_simulation</spirit:userFileType>
        <spirit:userFileType>USED_IN_single_language</spirit:userFileType>
        <spirit:logicalName>xil_defaultlib</spirit:logicalName>
      </spirit:file>
      <spirit:file>
        <spirit:name>top_oled_core_0_0_sim_netlist.vhdl</spirit:name>
        <spirit:fileType>vhdlSource</spirit:fileType>
        <spirit:userFileType>USED_IN_simulation</spirit:userFileType>
        <spirit:userFileType>USED_IN_single_language</spirit:userFileType>
        <spirit:logicalName>xil_defaultlib</spirit:logicalName>
      </spirit:file>
    </spirit:fileSet>
  </spirit:fileSets>
  <spirit:description>oled_core for final project</spirit:description>
  <spirit:parameters>
    <spirit:parameter>
      <spirit:name>Component_Name</spirit:name>
      <spirit:value spirit:resolve="user" spirit:id="PARAM_VALUE.Component_Name" spirit:order="1">top_oled_core_0_0</spirit:value>
    </spirit:parameter>
  </spirit:parameters>
  <spirit:vendorExtensions>
    <xilinx:coreExtensions>
      <xilinx:displayName>oled_core</xilinx:displayName>
      <xilinx:definitionSource>package_project</xilinx:definitionSource>
      <xilinx:coreRevision>5</xilinx:coreRevision>
      <xilinx:tags>
        <xilinx:tag xilinx:name="ui.data.coregen.df@663263e4_ARCHIVE_LOCATION">c:/users/anita/documents/ensc462/ip_repo/oled_core</xilinx:tag>
        <xilinx:tag xilinx:name="ui.data.coregen.df@686320dd_ARCHIVE_LOCATION">c:/users/anita/documents/ensc462/ip_repo/oled_core</xilinx:tag>
        <xilinx:tag xilinx:name="ui.data.coregen.df@2949b42b_ARCHIVE_LOCATION">c:/users/anita/documents/ensc462/ip_repo/oled_core</xilinx:tag>
        <xilinx:tag xilinx:name="ui.data.coregen.df@6c184f46_ARCHIVE_LOCATION">c:/users/anita/documents/ensc462/ip_repo/oled_core</xilinx:tag>
        <xilinx:tag xilinx:name="ui.data.coregen.df@6da52fe5_ARCHIVE_LOCATION">c:/users/anita/documents/ensc462/ip_repo/oled_core</xilinx:tag>
        <xilinx:tag xilinx:name="ui.data.coregen.df@5bf43712_ARCHIVE_LOCATION">c:/users/anita/documents/ensc462/ip_repo/oled_core</xilinx:tag>
        <xilinx:tag xilinx:name="ui.data.coregen.df@37df193e_ARCHIVE_LOCATION">c:/users/anita/documents/ensc462/ip_repo/oled_core</xilinx:tag>
        <xilinx:tag xilinx:name="ui.data.coregen.df@952fec8_ARCHIVE_LOCATION">c:/users/anita/documents/ensc462/ip_repo/oled_core</xilinx:tag>
        <xilinx:tag xilinx:name="ui.data.coregen.df@443f3f5a_ARCHIVE_LOCATION">c:/users/anita/documents/ensc462/ip_repo/oled_core</xilinx:tag>
        <xilinx:tag xilinx:name="ui.data.coregen.df@1aa89dd9_ARCHIVE_LOCATION">c:/users/anita/documents/ensc462/ip_repo/oled_core</xilinx:tag>
        <xilinx:tag xilinx:name="ui.data.coregen.df@5cd490e4_ARCHIVE_LOCATION">c:/users/anita/documents/ensc462/ip_repo/oled_core</xilinx:tag>
        <xilinx:tag xilinx:name="ui.data.coregen.df@6ad26cb5_ARCHIVE_LOCATION">c:/users/anita/documents/ensc462/ip_repo/oled_core</xilinx:tag>
        <xilinx:tag xilinx:name="ui.data.coregen.df@776a7f50_ARCHIVE_LOCATION">c:/users/anita/documents/ensc462/ip_repo/oled_core</xilinx:tag>
        <xilinx:tag xilinx:name="ui.data.coregen.df@5b7202ad_ARCHIVE_LOCATION">c:/users/anita/documents/ensc462/ip_repo/oled_core</xilinx:tag>
        <xilinx:tag xilinx:name="ui.data.coregen.df@58195a5e_ARCHIVE_LOCATION">c:/users/anita/documents/ensc462/ip_repo/oled_core</xilinx:tag>
        <xilinx:tag xilinx:name="ui.data.coregen.df@13f6775c_ARCHIVE_LOCATION">c:/users/anita/documents/ensc462/ip_repo/oled_core</xilinx:tag>
        <xilinx:tag xilinx:name="ui.data.coregen.df@38b82f27_ARCHIVE_LOCATION">c:/users/anita/documents/ensc462/ip_repo/oled_core</xilinx:tag>
        <xilinx:tag xilinx:name="ui.data.coregen.df@12266bb6_ARCHIVE_LOCATION">c:/users/anita/documents/ensc462/ip_repo/oled_core</xilinx:tag>
        <xilinx:tag xilinx:name="ui.data.coregen.df@7c8b01c2_ARCHIVE_LOCATION">c:/users/anita/documents/ensc462/ip_repo/oled_core</xilinx:tag>
        <xilinx:tag xilinx:name="ui.data.coregen.df@4bea1d7f_ARCHIVE_LOCATION">c:/users/anita/documents/ensc462/ip_repo/oled_core</xilinx:tag>
        <xilinx:tag xilinx:name="ui.data.coregen.df@373024c4_ARCHIVE_LOCATION">c:/users/anita/documents/ensc462/ip_repo/oled_core</xilinx:tag>
        <xilinx:tag xilinx:name="ui.data.coregen.df@642e9833_ARCHIVE_LOCATION">c:/users/anita/documents/ensc462/ip_repo/oled_core</xilinx:tag>
        <xilinx:tag xilinx:name="ui.data.coregen.df@17c93514_ARCHIVE_LOCATION">c:/users/anita/documents/ensc462/ip_repo/oled_core</xilinx:tag>
        <xilinx:tag xilinx:name="ui.data.coregen.df@7fc79c13_ARCHIVE_LOCATION">c:/users/anita/documents/ensc462/ip_repo/oled_core</xilinx:tag>
        <xilinx:tag xilinx:name="ui.data.coregen.df@72d985a8_ARCHIVE_LOCATION">c:/users/anita/documents/ensc462/ip_repo/oled_core</xilinx:tag>
        <xilinx:tag xilinx:name="ui.data.coregen.df@2ce1ccee_ARCHIVE_LOCATION">c:/users/anita/documents/ensc462/ip_repo/oled_core</xilinx:tag>
        <xilinx:tag xilinx:name="ui.data.coregen.df@3fb907c1_ARCHIVE_LOCATION">c:/users/anita/documents/ensc462/ip_repo/oled_core</xilinx:tag>
        <xilinx:tag xilinx:name="ui.data.coregen.df@4e7fffb2_ARCHIVE_LOCATION">c:/users/anita/documents/ensc462/ip_repo/oled_core</xilinx:tag>
        <xilinx:tag xilinx:name="ui.data.coregen.df@7fd4f474_ARCHIVE_LOCATION">c:/users/anita/documents/ensc462/ip_repo/oled_core</xilinx:tag>
        <xilinx:tag xilinx:name="ui.data.coregen.df@46930de8_ARCHIVE_LOCATION">c:/users/anita/documents/ensc462/ip_repo/oled_core</xilinx:tag>
        <xilinx:tag xilinx:name="ui.data.coregen.df@7b19116c_ARCHIVE_LOCATION">c:/users/anita/documents/ensc462/ip_repo/oled_core</xilinx:tag>
        <xilinx:tag xilinx:name="ui.data.coregen.df@94d51f1_ARCHIVE_LOCATION">c:/users/anita/documents/ensc462/ip_repo/oled_core</xilinx:tag>
        <xilinx:tag xilinx:name="ui.data.coregen.df@670bc76a_ARCHIVE_LOCATION">c:/users/anita/documents/ensc462/ip_repo/oled_core</xilinx:tag>
        <xilinx:tag xilinx:name="ui.data.coregen.df@2f8e6c90_ARCHIVE_LOCATION">c:/users/anita/documents/ensc462/ip_repo/oled_core</xilinx:tag>
        <xilinx:tag xilinx:name="ui.data.coregen.df@1f63a72d_ARCHIVE_LOCATION">c:/users/anita/documents/ensc462/ip_repo/oled_core</xilinx:tag>
        <xilinx:tag xilinx:name="ui.data.coregen.df@23dd2113_ARCHIVE_LOCATION">c:/users/anita/documents/ensc462/ip_repo/oled_core</xilinx:tag>
        <xilinx:tag xilinx:name="ui.data.coregen.df@7dca87d9_ARCHIVE_LOCATION">c:/users/anita/documents/ensc462/ip_repo/oled_core</xilinx:tag>
        <xilinx:tag xilinx:name="ui.data.coregen.df@7a54a93c_ARCHIVE_LOCATION">c:/users/anita/documents/ensc462/ip_repo/oled_core</xilinx:tag>
        <xilinx:tag xilinx:name="ui.data.coregen.df@17f41efc_ARCHIVE_LOCATION">c:/users/anita/documents/ensc462/ip_repo/oled_core</xilinx:tag>
        <xilinx:tag xilinx:name="ui.data.coregen.df@35efa10b_ARCHIVE_LOCATION">c:/users/anita/documents/ensc462/ip_repo/oled_core</xilinx:tag>
        <xilinx:tag xilinx:name="ui.data.coregen.df@3662709c_ARCHIVE_LOCATION">c:/users/anita/documents/ensc462/ip_repo/oled_core</xilinx:tag>
        <xilinx:tag xilinx:name="ui.data.coregen.df@41c6154c_ARCHIVE_LOCATION">c:/users/anita/documents/ensc462/ip_repo/oled_core</xilinx:tag>
        <xilinx:tag xilinx:name="ui.data.coregen.df@f966a09_ARCHIVE_LOCATION">c:/users/anita/documents/ensc462/ip_repo/oled_core</xilinx:tag>
        <xilinx:tag xilinx:name="ui.data.coregen.df@64cf5c26_ARCHIVE_LOCATION">c:/users/anita/documents/ensc462/ip_repo/oled_core</xilinx:tag>
        <xilinx:tag xilinx:name="ui.data.coregen.df@53eb18eb_ARCHIVE_LOCATION">c:/users/anita/documents/ensc462/ip_repo/oled_core</xilinx:tag>
        <xilinx:tag xilinx:name="ui.data.coregen.df@136681ab_ARCHIVE_LOCATION">c:/users/anita/documents/ensc462/ip_repo/oled_core</xilinx:tag>
        <xilinx:tag xilinx:name="ui.data.coregen.df@4132f9c3_ARCHIVE_LOCATION">c:/users/anita/documents/ensc462/ip_repo/oled_core</xilinx:tag>
        <xilinx:tag xilinx:name="ui.data.coregen.df@3eaadd2e_ARCHIVE_LOCATION">c:/users/anita/documents/ensc462/ip_repo/oled_core</xilinx:tag>
        <xilinx:tag xilinx:name="ui.data.coregen.df@43410c02_ARCHIVE_LOCATION">c:/users/anita/documents/ensc462/ip_repo/oled_core</xilinx:tag>
        <xilinx:tag xilinx:name="ui.data.coregen.df@5e5a862_ARCHIVE_LOCATION">c:/users/anita/documents/ensc462/ip_repo/oled_core</xilinx:tag>
        <xilinx:tag xilinx:name="ui.data.coregen.df@e403e1f_ARCHIVE_LOCATION">c:/users/anita/documents/ensc462/ip_repo/oled_core</xilinx:tag>
        <xilinx:tag xilinx:name="ui.data.coregen.df@6016dc7_ARCHIVE_LOCATION">c:/users/anita/documents/ensc462/ip_repo/oled_core</xilinx:tag>
        <xilinx:tag xilinx:name="ui.data.coregen.df@a24ed8c_ARCHIVE_LOCATION">c:/users/anita/documents/ensc462/ip_repo/oled_core</xilinx:tag>
        <xilinx:tag xilinx:name="ui.data.coregen.df@5cfa972e_ARCHIVE_LOCATION">c:/users/anita/documents/ensc462/ip_repo/oled_core</xilinx:tag>
        <xilinx:tag xilinx:name="ui.data.coregen.df@57b743b_ARCHIVE_LOCATION">c:/users/anita/documents/ensc462/ip_repo/oled_core</xilinx:tag>
        <xilinx:tag xilinx:name="ui.data.coregen.df@56084ae_ARCHIVE_LOCATION">c:/users/anita/documents/ensc462/ip_repo/oled_core</xilinx:tag>
        <xilinx:tag xilinx:name="ui.data.coregen.df@2b62ff33_ARCHIVE_LOCATION">c:/users/anita/documents/ensc462/ip_repo/oled_core</xilinx:tag>
        <xilinx:tag xilinx:name="ui.data.coregen.df@1ba7dd20_ARCHIVE_LOCATION">c:/users/anita/documents/ensc462/ip_repo/oled_core</xilinx:tag>
        <xilinx:tag xilinx:name="ui.data.coregen.df@38d20648_ARCHIVE_LOCATION">c:/users/anita/documents/ensc462/ip_repo/oled_core</xilinx:tag>
      </xilinx:tags>
      <xilinx:configElementInfos>
        <xilinx:configElementInfo xilinx:referenceId="BUSIFPARAM_VALUE.CLK.ASSOCIATED_BUSIF" xilinx:valuePermission="bd_and_user"/>
        <xilinx:configElementInfo xilinx:referenceId="BUSIFPARAM_VALUE.CLK.ASSOCIATED_RESET" xilinx:valuePermission="bd_and_user"/>
        <xilinx:configElementInfo xilinx:referenceId="BUSIFPARAM_VALUE.CLK.CLK_DOMAIN" xilinx:valueSource="default_prop" xilinx:valuePermission="bd_and_user"/>
        <xilinx:configElementInfo xilinx:referenceId="BUSIFPARAM_VALUE.CLK.FREQ_HZ" xilinx:valueSource="user_prop" xilinx:valuePermission="bd_and_user"/>
        <xilinx:configElementInfo xilinx:referenceId="BUSIFPARAM_VALUE.CLK.FREQ_TOLERANCE_HZ" xilinx:valuePermission="bd_and_user"/>
        <xilinx:configElementInfo xilinx:referenceId="BUSIFPARAM_VALUE.CLK.PHASE" xilinx:valuePermission="bd_and_user"/>
        <xilinx:configElementInfo xilinx:referenceId="BUSIFPARAM_VALUE.OLED_SPI_CLK.ASSOCIATED_BUSIF" xilinx:valuePermission="bd_and_user"/>
        <xilinx:configElementInfo xilinx:referenceId="BUSIFPARAM_VALUE.OLED_SPI_CLK.ASSOCIATED_RESET" xilinx:valuePermission="bd_and_user"/>
        <xilinx:configElementInfo xilinx:referenceId="BUSIFPARAM_VALUE.OLED_SPI_CLK.CLK_DOMAIN" xilinx:valuePermission="bd_and_user"/>
        <xilinx:configElementInfo xilinx:referenceId="BUSIFPARAM_VALUE.OLED_SPI_CLK.FREQ_HZ" xilinx:valuePermission="bd_and_user"/>
        <xilinx:configElementInfo xilinx:referenceId="BUSIFPARAM_VALUE.OLED_SPI_CLK.FREQ_TOLERANCE_HZ" xilinx:valuePermission="bd_and_user"/>
        <xilinx:configElementInfo xilinx:referenceId="BUSIFPARAM_VALUE.OLED_SPI_CLK.PHASE" xilinx:valuePermission="bd_and_user"/>
        <xilinx:configElementInfo xilinx:referenceId="BUSIFPARAM_VALUE.RST.POLARITY" xilinx:valueSource="constant_prop" xilinx:valuePermission="bd_and_user"/>
      </xilinx:configElementInfos>
    </xilinx:coreExtensions>
    <xilinx:packagingInfo>
      <xilinx:xilinxVersion>2021.1</xilinx:xilinxVersion>
      <xilinx:checksum xilinx:scope="busInterfaces" xilinx:value="7aac2bbb"/>
      <xilinx:checksum xilinx:scope="fileGroups" xilinx:value="1571c8f2"/>
      <xilinx:checksum xilinx:scope="ports" xilinx:value="368b7e6d"/>
      <xilinx:checksum xilinx:scope="parameters" xilinx:value="e1efc7d9"/>
    </xilinx:packagingInfo>
  </spirit:vendorExtensions>
</spirit:component>
