<?xml version="1.0"?>
<Runs Version="1" Minor="0">
	<Run Id="top_axi_dma_0_2_synth_1" LaunchDir="U:/ENSC462/FinalProj/StemPlayer/StemPlayer.runs/top_axi_dma_0_2_synth_1" FlowId="Vivado_Synthesis" FromStepId="vivado" ToStepId="vivado"/>
	<Run Id="top_clk_wiz_0_0_synth_1" LaunchDir="U:/ENSC462/FinalProj/StemPlayer/StemPlayer.runs/top_clk_wiz_0_0_synth_1" FlowId="Vivado_Synthesis" FromStepId="vivado" ToStepId="vivado"/>
	<Run Id="top_video_controller_0_0_synth_1" LaunchDir="U:/ENSC462/FinalProj/StemPlayer/StemPlayer.runs/top_video_controller_0_0_synth_1" FlowId="Vivado_Synthesis" FromStepId="vivado" ToStepId="vivado"/>
	<Run Id="top_util_vector_logic_0_0_synth_1" LaunchDir="U:/ENSC462/FinalProj/StemPlayer/StemPlayer.runs/top_util_vector_logic_0_0_synth_1" FlowId="Vivado_Synthesis" FromStepId="vivado" ToStepId="vivado"/>
	<Run Id="top_i2s_audio_interface_0_0_synth_1" LaunchDir="U:/ENSC462/FinalProj/StemPlayer/StemPlayer.runs/top_i2s_audio_interface_0_0_synth_1" FlowId="Vivado_Synthesis" FromStepId="vivado" ToStepId="vivado"/>
	<Run Id="synth_1" LaunchDir="U:/ENSC462/FinalProj/StemPlayer/StemPlayer.runs/synth_1" FlowId="Vivado_Synthesis" FromStepId="vivado" ToStepId="vivado">
		<Parent Id="top_axi_dma_0_2_synth_1"/>
		<Parent Id="top_clk_wiz_0_0_synth_1"/>
		<Parent Id="top_video_controller_0_0_synth_1"/>
		<Parent Id="top_util_vector_logic_0_0_synth_1"/>
		<Parent Id="top_i2s_audio_interface_0_0_synth_1"/>
	</Run>
	<Run Id="impl_1" LaunchDir="U:/ENSC462/FinalProj/StemPlayer/StemPlayer.runs/impl_1" FlowId="Vivado_Implementation" FromStepId="init_design" ToStepId="write_bitstream">
		<Parent Id="synth_1"/>
		<Parent Id="top_axi_dma_0_2_synth_1"/>
		<Parent Id="top_clk_wiz_0_0_synth_1"/>
		<Parent Id="top_video_controller_0_0_synth_1"/>
		<Parent Id="top_util_vector_logic_0_0_synth_1"/>
		<Parent Id="top_i2s_audio_interface_0_0_synth_1"/>
	</Run>
	<Parameters>
		<Parameter Name="runs.monitorLSFJobs" Val="true" Type="bool"/>
		<Parameter Name="runs.enableClusterConf" Val="true" Type="bool"/>
	</Parameters>
</Runs>

