<?xml version="1.0"?>
<Runs Version="1" Minor="0">
	<Run Id="top_axi_iic_0_0_synth_1" LaunchDir="U:/ENSC462/FinalProj/StemPlayer/StemPlayer.runs/top_axi_iic_0_0_synth_1" FlowId="Vivado_Synthesis" FromStepId="vivado" ToStepId="vivado"/>
	<Run Id="top_clk_wiz_0_0_synth_1" LaunchDir="U:/ENSC462/FinalProj/StemPlayer/StemPlayer.runs/top_clk_wiz_0_0_synth_1" FlowId="Vivado_Synthesis" FromStepId="vivado" ToStepId="vivado"/>
	<Run Id="top_processing_system7_0_0_synth_1" LaunchDir="U:/ENSC462/FinalProj/StemPlayer/StemPlayer.runs/top_processing_system7_0_0_synth_1" FlowId="Vivado_Synthesis" FromStepId="vivado" ToStepId="vivado"/>
	<Run Id="top_proc_sys_reset_0_0_synth_1" LaunchDir="U:/ENSC462/FinalProj/StemPlayer/StemPlayer.runs/top_proc_sys_reset_0_0_synth_1" FlowId="Vivado_Synthesis" FromStepId="vivado" ToStepId="vivado"/>
	<Run Id="top_axi_dma_0_0_synth_1" LaunchDir="U:/ENSC462/FinalProj/StemPlayer/StemPlayer.runs/top_axi_dma_0_0_synth_1" FlowId="Vivado_Synthesis" FromStepId="vivado" ToStepId="vivado"/>
	<Run Id="top_xbar_1_synth_1" LaunchDir="U:/ENSC462/FinalProj/StemPlayer/StemPlayer.runs/top_xbar_1_synth_1" FlowId="Vivado_Synthesis" FromStepId="vivado" ToStepId="vivado"/>
	<Run Id="top_xbar_0_synth_1" LaunchDir="U:/ENSC462/FinalProj/StemPlayer/StemPlayer.runs/top_xbar_0_synth_1" FlowId="Vivado_Synthesis" FromStepId="vivado" ToStepId="vivado"/>
	<Run Id="top_axis_data_fifo_0_0_synth_1" LaunchDir="U:/ENSC462/FinalProj/StemPlayer/StemPlayer.runs/top_axis_data_fifo_0_0_synth_1" FlowId="Vivado_Synthesis" FromStepId="vivado" ToStepId="vivado"/>
	<Run Id="top_auto_pc_0_synth_1" LaunchDir="U:/ENSC462/FinalProj/StemPlayer/StemPlayer.runs/top_auto_pc_0_synth_1" FlowId="Vivado_Synthesis" FromStepId="vivado" ToStepId="vivado"/>
	<Run Id="top_auto_pc_1_synth_1" LaunchDir="U:/ENSC462/FinalProj/StemPlayer/StemPlayer.runs/top_auto_pc_1_synth_1" FlowId="Vivado_Synthesis" FromStepId="vivado" ToStepId="vivado"/>
	<Run Id="top_auto_us_0_synth_1" LaunchDir="U:/ENSC462/FinalProj/StemPlayer/StemPlayer.runs/top_auto_us_0_synth_1" FlowId="Vivado_Synthesis" FromStepId="vivado" ToStepId="vivado"/>
	<Run Id="top_auto_us_1_synth_1" LaunchDir="U:/ENSC462/FinalProj/StemPlayer/StemPlayer.runs/top_auto_us_1_synth_1" FlowId="Vivado_Synthesis" FromStepId="vivado" ToStepId="vivado"/>
	<Run Id="top_auto_us_2_synth_1" LaunchDir="U:/ENSC462/FinalProj/StemPlayer/StemPlayer.runs/top_auto_us_2_synth_1" FlowId="Vivado_Synthesis" FromStepId="vivado" ToStepId="vivado"/>
	<Run Id="synth_1" LaunchDir="U:/ENSC462/FinalProj/StemPlayer/StemPlayer.runs/synth_1" FlowId="Vivado_Synthesis" FromStepId="vivado" ToStepId="vivado">
		<Parent Id="top_axi_iic_0_0_synth_1"/>
		<Parent Id="top_clk_wiz_0_0_synth_1"/>
		<Parent Id="top_processing_system7_0_0_synth_1"/>
		<Parent Id="top_proc_sys_reset_0_0_synth_1"/>
		<Parent Id="top_axi_dma_0_0_synth_1"/>
		<Parent Id="top_xbar_1_synth_1"/>
		<Parent Id="top_xbar_0_synth_1"/>
		<Parent Id="top_axis_data_fifo_0_0_synth_1"/>
		<Parent Id="top_auto_pc_0_synth_1"/>
		<Parent Id="top_auto_pc_1_synth_1"/>
		<Parent Id="top_auto_us_0_synth_1"/>
		<Parent Id="top_auto_us_1_synth_1"/>
		<Parent Id="top_auto_us_2_synth_1"/>
	</Run>
	<Run Id="impl_1" LaunchDir="U:/ENSC462/FinalProj/StemPlayer/StemPlayer.runs/impl_1" FlowId="Vivado_Implementation" FromStepId="init_design" ToStepId="write_bitstream">
		<Parent Id="synth_1"/>
		<Parent Id="top_axi_iic_0_0_synth_1"/>
		<Parent Id="top_clk_wiz_0_0_synth_1"/>
		<Parent Id="top_processing_system7_0_0_synth_1"/>
		<Parent Id="top_proc_sys_reset_0_0_synth_1"/>
		<Parent Id="top_axi_dma_0_0_synth_1"/>
		<Parent Id="top_xbar_1_synth_1"/>
		<Parent Id="top_xbar_0_synth_1"/>
		<Parent Id="top_axis_data_fifo_0_0_synth_1"/>
		<Parent Id="top_auto_pc_0_synth_1"/>
		<Parent Id="top_auto_pc_1_synth_1"/>
		<Parent Id="top_auto_us_0_synth_1"/>
		<Parent Id="top_auto_us_1_synth_1"/>
		<Parent Id="top_auto_us_2_synth_1"/>
	</Run>
	<Parameters>
		<Parameter Name="runs.monitorLSFJobs" Val="true" Type="bool"/>
		<Parameter Name="runs.enableClusterConf" Val="true" Type="bool"/>
	</Parameters>
</Runs>

