<?xml version="1.0"?>
<Runs Version="1" Minor="0">
	<Run Id="top_iir_0_3_synth_1" LaunchDir="U:/ENSC462/Lab2New/audio_pass_through/audio_pass_through.runs/top_iir_0_3_synth_1" FlowId="Vivado_Synthesis" FromStepId="vivado" ToStepId="vivado"/>
	<Run Id="top_iir_0_2_synth_1" LaunchDir="U:/ENSC462/Lab2New/audio_pass_through/audio_pass_through.runs/top_iir_0_2_synth_1" FlowId="Vivado_Synthesis" FromStepId="vivado" ToStepId="vivado"/>
	<Run Id="top_iir_0_1_synth_1" LaunchDir="U:/ENSC462/Lab2New/audio_pass_through/audio_pass_through.runs/top_iir_0_1_synth_1" FlowId="Vivado_Synthesis" FromStepId="vivado" ToStepId="vivado"/>
	<Run Id="top_iir_0_0_synth_1" LaunchDir="U:/ENSC462/Lab2New/audio_pass_through/audio_pass_through.runs/top_iir_0_0_synth_1" FlowId="Vivado_Synthesis" FromStepId="vivado" ToStepId="vivado"/>
	<Run Id="top_util_vector_logic_0_2_synth_1" LaunchDir="U:/ENSC462/Lab2New/audio_pass_through/audio_pass_through.runs/top_util_vector_logic_0_2_synth_1" FlowId="Vivado_Synthesis" FromStepId="vivado" ToStepId="vivado"/>
	<Run Id="top_util_vector_logic_0_1_synth_1" LaunchDir="U:/ENSC462/Lab2New/audio_pass_through/audio_pass_through.runs/top_util_vector_logic_0_1_synth_1" FlowId="Vivado_Synthesis" FromStepId="vivado" ToStepId="vivado" IsOrderedIPRun="true">
		<Parent Id="top_util_vector_logic_0_2_synth_1"/>
	</Run>
	<Run Id="top_mux41_0_0_synth_1" LaunchDir="U:/ENSC462/Lab2New/audio_pass_through/audio_pass_through.runs/top_mux41_0_0_synth_1" FlowId="Vivado_Synthesis" FromStepId="vivado" ToStepId="vivado"/>
	<Run Id="top_mux41_0_1_synth_1" LaunchDir="U:/ENSC462/Lab2New/audio_pass_through/audio_pass_through.runs/top_mux41_0_1_synth_1" FlowId="Vivado_Synthesis" FromStepId="vivado" ToStepId="vivado"/>
	<Run Id="top_util_vector_logic_0_0_synth_1" LaunchDir="U:/ENSC462/Lab2New/audio_pass_through/audio_pass_through.runs/top_util_vector_logic_0_0_synth_1" FlowId="Vivado_Synthesis" FromStepId="vivado" ToStepId="vivado" IsOrderedIPRun="true">
		<Parent Id="top_util_vector_logic_0_2_synth_1"/>
	</Run>
	<Run Id="synth_1" LaunchDir="U:/ENSC462/Lab2New/audio_pass_through/audio_pass_through.runs/synth_1" FlowId="Vivado_Synthesis" FromStepId="vivado" ToStepId="vivado">
		<Parent Id="top_iir_0_3_synth_1"/>
		<Parent Id="top_iir_0_2_synth_1"/>
		<Parent Id="top_iir_0_1_synth_1"/>
		<Parent Id="top_iir_0_0_synth_1"/>
		<Parent Id="top_util_vector_logic_0_2_synth_1"/>
		<Parent Id="top_util_vector_logic_0_1_synth_1"/>
		<Parent Id="top_mux41_0_0_synth_1"/>
		<Parent Id="top_mux41_0_1_synth_1"/>
		<Parent Id="top_util_vector_logic_0_0_synth_1"/>
	</Run>
	<Run Id="impl_1" LaunchDir="U:/ENSC462/Lab2New/audio_pass_through/audio_pass_through.runs/impl_1" FlowId="Vivado_Implementation" FromStepId="init_design" ToStepId="write_bitstream">
		<Parent Id="synth_1"/>
		<Parent Id="top_iir_0_3_synth_1"/>
		<Parent Id="top_iir_0_2_synth_1"/>
		<Parent Id="top_iir_0_1_synth_1"/>
		<Parent Id="top_iir_0_0_synth_1"/>
		<Parent Id="top_util_vector_logic_0_2_synth_1"/>
		<Parent Id="top_util_vector_logic_0_1_synth_1"/>
		<Parent Id="top_mux41_0_0_synth_1"/>
		<Parent Id="top_mux41_0_1_synth_1"/>
		<Parent Id="top_util_vector_logic_0_0_synth_1"/>
	</Run>
	<Parameters>
		<Parameter Name="runs.monitorLSFJobs" Val="true" Type="bool"/>
		<Parameter Name="runs.enableClusterConf" Val="true" Type="bool"/>
	</Parameters>
</Runs>

