<?xml version="1.0" encoding="UTF-8"?>
<GenRun Id="top_xbar_4_synth_1" LaunchPart="xc7z020clg484-1" LaunchTime="1649991167">
  <File Type="PA-TCL" Name="top_xbar_4.tcl"/>
  <File Type="REPORTS-TCL" Name="top_xbar_4_reports.tcl"/>
  <File Type="RDS-RDS" Name="top_xbar_4.vds"/>
  <File Type="RDS-DCP" Name="top_xbar_4.dcp"/>
  <FileSet Name="sources" Type="BlockSrcs" RelSrcDir="$PSRCDIR/top_xbar_4">
    <File Path="$PSRCDIR/sources_1/bd/top/ip/top_xbar_4/top_xbar_4.xci">
      <FileInfo>
        <Attr Name="Library" Val="xil_defaultlib"/>
        <Attr Name="UsedIn" Val="synthesis"/>
        <Attr Name="UsedIn" Val="implementation"/>
        <Attr Name="UsedIn" Val="simulation"/>
      </FileInfo>
    </File>
    <Config>
      <Option Name="TopModule" Val="top_xbar_4"/>
      <Option Name="UseBlackboxStub" Val="1"/>
    </Config>
  </FileSet>
  <FileSet Name="constrs_in" Type="BlockSrcs" RelSrcDir="$PSRCDIR/top_xbar_4">
    <File Path="$PSRCDIR/sources_1/bd/top/ip/top_xbar_4/top_xbar_4.xci">
      <FileInfo>
        <Attr Name="Library" Val="xil_defaultlib"/>
        <Attr Name="UsedIn" Val="synthesis"/>
        <Attr Name="UsedIn" Val="implementation"/>
        <Attr Name="UsedIn" Val="simulation"/>
      </FileInfo>
    </File>
    <Config>
      <Option Name="TopModule" Val="top_xbar_4"/>
      <Option Name="UseBlackboxStub" Val="1"/>
    </Config>
  </FileSet>
  <FileSet Name="utils" Type="Utils" RelSrcDir="$PSRCDIR/utils_1">
    <Filter Type="Utils"/>
    <Config>
      <Option Name="TopAutoSet" Val="TRUE"/>
    </Config>
  </FileSet>
  <Strategy Version="1" Minor="2">
    <StratHandle Name="Vivado Synthesis Defaults" Flow="Vivado Synthesis 2020"/>
    <Step Id="synth_design"/>
  </Strategy>
</GenRun>
