<?xml version="1.0" encoding="UTF-8"?>
<GenRun Id="synth_1" LaunchPart="xc7z020clg484-1" LaunchTime="1650051710">
  <File Type="PA-TCL" Name="top_wrapper.tcl"/>
  <File Type="RDS-PROPCONSTRS" Name="top_wrapper_drc_synth.rpt"/>
  <File Type="REPORTS-TCL" Name="top_wrapper_reports.tcl"/>
  <File Type="RDS-RDS" Name="top_wrapper.vds"/>
  <File Type="RDS-UTIL" Name="top_wrapper_utilization_synth.rpt"/>
  <File Type="RDS-UTIL-PB" Name="top_wrapper_utilization_synth.pb"/>
  <File Type="RDS-DCP" Name="top_wrapper.dcp"/>
  <File Type="VDS-TIMINGSUMMARY" Name="top_wrapper_timing_summary_synth.rpt"/>
  <File Type="VDS-TIMING-PB" Name="top_wrapper_timing_summary_synth.pb"/>
  <FileSet Name="sources" Type="DesignSrcs" RelSrcDir="$PSRCDIR/sources_1" RelGenDir="$PGENDIR/sources_1">
    <Filter Type="Srcs"/>
    <File Path="$PSRCDIR/sources_1/imports/Part3/res_1080p_package.vhd">
      <FileInfo>
        <Attr Name="Library" Val="xil_defaultlib"/>
        <Attr Name="ImportPath" Val="$PPRDIR/../../Lab4/Part3/res_1080p_package.vhd"/>
        <Attr Name="ImportTime" Val="1648165758"/>
        <Attr Name="UsedIn" Val="synthesis"/>
        <Attr Name="UsedIn" Val="simulation"/>
      </FileInfo>
    </File>
    <File Path="$PSRCDIR/sources_1/imports/Part3/test_rom_package.vhd">
      <FileInfo>
        <Attr Name="Library" Val="xil_defaultlib"/>
        <Attr Name="ImportPath" Val="$PPRDIR/../../Lab4/Part3/test_rom_package.vhd"/>
        <Attr Name="ImportTime" Val="1648247992"/>
        <Attr Name="UsedIn" Val="synthesis"/>
        <Attr Name="UsedIn" Val="simulation"/>
      </FileInfo>
    </File>
    <File Path="$PSRCDIR/sources_1/imports/Part3/video_controller.vhd">
      <FileInfo>
        <Attr Name="ImportPath" Val="$PPRDIR/../../Lab4/Part3/video_controller.vhd"/>
        <Attr Name="ImportTime" Val="1649974890"/>
        <Attr Name="UsedIn" Val="synthesis"/>
        <Attr Name="UsedIn" Val="simulation"/>
      </FileInfo>
    </File>
    <File Path="$PSRCDIR/sources_1/imports/FinalProj/i2s_audio_interface.vhd">
      <FileInfo>
        <Attr Name="ImportPath" Val="$PPRDIR/../i2s_audio_interface.vhd"/>
        <Attr Name="ImportTime" Val="1649985787"/>
        <Attr Name="UsedIn" Val="synthesis"/>
        <Attr Name="UsedIn" Val="simulation"/>
      </FileInfo>
    </File>
    <File Path="$PSRCDIR/sources_1/bd/top/top.bd">
      <FileInfo>
        <Attr Name="UsedIn" Val="synthesis"/>
        <Attr Name="UsedIn" Val="implementation"/>
        <Attr Name="UsedIn" Val="simulation"/>
      </FileInfo>
    </File>
    <File Path="$PGENDIR/sources_1/bd/top/hdl/top_wrapper.v">
      <FileInfo>
        <Attr Name="UsedIn" Val="synthesis"/>
        <Attr Name="UsedIn" Val="implementation"/>
        <Attr Name="UsedIn" Val="simulation"/>
      </FileInfo>
    </File>
    <Config>
      <Option Name="DesignMode" Val="RTL"/>
      <Option Name="TopModule" Val="top_wrapper"/>
      <Option Name="TopAutoSet" Val="TRUE"/>
    </Config>
  </FileSet>
  <FileSet Name="constrs_in" Type="Constrs" RelSrcDir="$PSRCDIR/constrs_1">
    <Filter Type="Constrs"/>
    <File Path="$PSRCDIR/constrs_1/imports/Part3/top.xdc">
      <FileInfo>
        <Attr Name="ImportPath" Val="$PPRDIR/../../Lab4/Part3/top.xdc"/>
        <Attr Name="ImportTime" Val="1648175591"/>
        <Attr Name="UsedIn" Val="synthesis"/>
        <Attr Name="UsedIn" Val="implementation"/>
      </FileInfo>
    </File>
    <Config>
      <Option Name="ConstrsType" Val="XDC"/>
    </Config>
  </FileSet>
  <FileSet Name="utils" Type="Utils" RelSrcDir="$PSRCDIR/utils_1">
    <Filter Type="Utils"/>
    <Config>
      <Option Name="TopAutoSet" Val="TRUE"/>
    </Config>
  </FileSet>
  <Strategy Version="1" Minor="2">
    <StratHandle Name="Vivado Synthesis Defaults" Flow="Vivado Synthesis 2020"/>
    <Step Id="synth_design"/>
  </Strategy>
  <BlockFileSet Type="BlockSrcs" Name="top_axi_dma_0_2"/>
  <BlockFileSet Type="BlockSrcs" Name="top_axi_gpio_0_1"/>
  <BlockFileSet Type="BlockSrcs" Name="top_xbar_3"/>
  <BlockFileSet Type="BlockSrcs" Name="top_i2s_audio_interface_0_1"/>
  <BlockFileSet Type="BlockSrcs" Name="top_video_controller_0_0"/>
  <BlockFileSet Type="BlockSrcs" Name="top_oled_core_0_0"/>
  <BlockFileSet Type="BlockSrcs" Name="top_processing_system7_0_2"/>
  <BlockFileSet Type="BlockSrcs" Name="top_xbar_4"/>
</GenRun>
