<?xml version="1.0" encoding="UTF-8"?>
<GenRun Id="synth_1" LaunchPart="xc7z020clg484-1" LaunchTime="1646439661">
  <File Type="PA-TCL" Name="top_wrapper.tcl"/>
  <File Type="RDS-PROPCONSTRS" Name="top_wrapper_drc_synth.rpt"/>
  <File Type="REPORTS-TCL" Name="top_wrapper_reports.tcl"/>
  <File Type="RDS-RDS" Name="top_wrapper.vds"/>
  <File Type="RDS-UTIL" Name="top_wrapper_utilization_synth.rpt"/>
  <File Type="RDS-UTIL-PB" Name="top_wrapper_utilization_synth.pb"/>
  <File Type="RDS-DCP" Name="top_wrapper.dcp"/>
  <File Type="VDS-TIMINGSUMMARY" Name="top_wrapper_timing_summary_synth.rpt"/>
  <File Type="VDS-TIMING-PB" Name="top_wrapper_timing_summary_synth.pb"/>
  <FileSet Name="sources" Type="DesignSrcs" RelSrcDir="$PSRCDIR/sources_1" RelGenDir="$PGENDIR/sources_1">
    <Filter Type="Srcs"/>
    <File Path="$PPRDIR/../i2s_audio_interface/I2S_audio_interface.vhd">
      <FileInfo>
        <Attr Name="UsedIn" Val="synthesis"/>
        <Attr Name="UsedIn" Val="simulation"/>
      </FileInfo>
    </File>
    <File Path="$PPRDIR/../iir/iir.vhd">
      <FileInfo>
        <Attr Name="UsedIn" Val="synthesis"/>
        <Attr Name="UsedIn" Val="simulation"/>
      </FileInfo>
    </File>
    <File Path="$PPRDIR/../mux41.vhd">
      <FileInfo>
        <Attr Name="UsedIn" Val="synthesis"/>
        <Attr Name="UsedIn" Val="simulation"/>
      </FileInfo>
    </File>
    <File Path="$PSRCDIR/sources_1/bd/top/top.bd">
      <FileInfo>
        <Attr Name="UsedIn" Val="synthesis"/>
        <Attr Name="UsedIn" Val="implementation"/>
        <Attr Name="UsedIn" Val="simulation"/>
      </FileInfo>
    </File>
    <File Path="$PGENDIR/sources_1/bd/top/hdl/top_wrapper.v">
      <FileInfo>
        <Attr Name="UsedIn" Val="synthesis"/>
        <Attr Name="UsedIn" Val="implementation"/>
        <Attr Name="UsedIn" Val="simulation"/>
      </FileInfo>
    </File>
    <Config>
      <Option Name="DesignMode" Val="RTL"/>
      <Option Name="TopModule" Val="top_wrapper"/>
      <Option Name="TopAutoSet" Val="TRUE"/>
    </Config>
  </FileSet>
  <FileSet Name="constrs_in" Type="Constrs" RelSrcDir="$PSRCDIR/constrs_1">
    <Filter Type="Constrs"/>
    <File Path="$PPRDIR/top.xdc">
      <FileInfo>
        <Attr Name="UsedIn" Val="synthesis"/>
        <Attr Name="UsedIn" Val="implementation"/>
      </FileInfo>
    </File>
    <Config>
      <Option Name="ConstrsType" Val="XDC"/>
    </Config>
  </FileSet>
  <FileSet Name="utils" Type="Utils" RelSrcDir="$PSRCDIR/utils_1">
    <Filter Type="Utils"/>
    <Config>
      <Option Name="TopAutoSet" Val="TRUE"/>
    </Config>
  </FileSet>
  <Strategy Version="1" Minor="2">
    <StratHandle Name="Vivado Synthesis Defaults" Flow="Vivado Synthesis 2020"/>
    <Step Id="synth_design"/>
  </Strategy>
  <BlockFileSet Type="BlockSrcs" Name="top_axi_iic_0_0"/>
  <BlockFileSet Type="BlockSrcs" Name="top_ila_0_0"/>
  <BlockFileSet Type="BlockSrcs" Name="top_util_vector_logic_0_1"/>
  <BlockFileSet Type="BlockSrcs" Name="top_proc_sys_reset_0_0"/>
  <BlockFileSet Type="BlockSrcs" Name="top_processing_system7_0_0"/>
  <BlockFileSet Type="BlockSrcs" Name="top_I2S_audio_interface_0_0"/>
  <BlockFileSet Type="BlockSrcs" Name="top_clk_wiz_0_0"/>
  <BlockFileSet Type="BlockSrcs" Name="top_util_vector_logic_0_2"/>
  <BlockFileSet Type="BlockSrcs" Name="top_util_vector_logic_0_0"/>
  <BlockFileSet Type="BlockSrcs" Name="top_mux41_0_0"/>
  <BlockFileSet Type="BlockSrcs" Name="top_mux41_0_1"/>
  <BlockFileSet Type="BlockSrcs" Name="top_iir_0_3"/>
  <BlockFileSet Type="BlockSrcs" Name="top_iir_0_2"/>
  <BlockFileSet Type="BlockSrcs" Name="top_iir_0_1"/>
  <BlockFileSet Type="BlockSrcs" Name="top_iir_0_0"/>
</GenRun>
