<?xml version="1.0" encoding="UTF-8"?>
<GenRun Id="top_iir_0_2_synth_1" LaunchPart="xc7z020clg484-1" LaunchTime="1646439642">
  <File Type="PA-TCL" Name="top_iir_0_2.tcl"/>
  <File Type="RDS-PROPCONSTRS" Name="top_iir_0_2_drc_synth.rpt"/>
  <File Type="REPORTS-TCL" Name="top_iir_0_2_reports.tcl"/>
  <File Type="RDS-RDS" Name="top_iir_0_2.vds"/>
  <File Type="RDS-UTIL" Name="top_iir_0_2_utilization_synth.rpt"/>
  <File Type="RDS-UTIL-PB" Name="top_iir_0_2_utilization_synth.pb"/>
  <File Type="RDS-DCP" Name="top_iir_0_2.dcp"/>
  <File Type="VDS-TIMINGSUMMARY" Name="top_iir_0_2_timing_summary_synth.rpt"/>
  <File Type="VDS-TIMING-PB" Name="top_iir_0_2_timing_summary_synth.pb"/>
  <FileSet Name="sources" Type="BlockSrcs" RelSrcDir="$PSRCDIR/top_iir_0_2">
    <File Path="$PSRCDIR/sources_1/bd/top/ip/top_iir_0_2/top_iir_0_2.xci">
      <FileInfo>
        <Attr Name="UsedIn" Val="synthesis"/>
        <Attr Name="UsedIn" Val="implementation"/>
        <Attr Name="UsedIn" Val="simulation"/>
      </FileInfo>
    </File>
    <Config>
      <Option Name="TopModule" Val="top_iir_0_2"/>
      <Option Name="UseBlackboxStub" Val="1"/>
    </Config>
  </FileSet>
  <FileSet Name="constrs_in" Type="BlockSrcs" RelSrcDir="$PSRCDIR/top_iir_0_2">
    <File Path="$PSRCDIR/sources_1/bd/top/ip/top_iir_0_2/top_iir_0_2.xci">
      <FileInfo>
        <Attr Name="UsedIn" Val="synthesis"/>
        <Attr Name="UsedIn" Val="implementation"/>
        <Attr Name="UsedIn" Val="simulation"/>
      </FileInfo>
    </File>
    <Config>
      <Option Name="TopModule" Val="top_iir_0_2"/>
      <Option Name="UseBlackboxStub" Val="1"/>
    </Config>
  </FileSet>
  <FileSet Name="utils" Type="Utils" RelSrcDir="$PSRCDIR/utils_1">
    <Filter Type="Utils"/>
    <Config>
      <Option Name="TopAutoSet" Val="TRUE"/>
    </Config>
  </FileSet>
  <Strategy Version="1" Minor="2">
    <StratHandle Name="Vivado Synthesis Defaults" Flow="Vivado Synthesis 2020">
      <Desc>Vivado Synthesis Defaults</Desc>
    </StratHandle>
    <Step Id="synth_design"/>
  </Strategy>
</GenRun>
